
-- =============================================================================
--
-- INICIO: C O N T R O L E   D E   A C E S S O 
--
-- =============================================================================

-- INSERT DE ROLES  REFERENTE AO SISTEMA DE CONSERVA
INSERT INTO "security".roles (id_role, conditional, role_name, descricao, data_inicio, data_fim, id_status, id_role_pai, id_tipo_regra, pwa) VALUES
(1200, false, 'CONSERVACAO',           'ACESSO DO SISTEMA CONSERVACAO',	           '2024-05-16', NULL, 1, NULL,	3, False),
(1201, false, 'CONSERVACAO.CONSULTAR', 'ACESSO A TELAS DEFINIDAS PARA CONSULTAS',  '2024-05-16', NULL, 1, NULL, 3, false),
(1205, false, 'CONSERVACAO.FISCAL',    'ACESSO A TELAS DEFINIDAS PARA FISCAIS',    '2024-05-16', NULL, 1, NULL, 3, false),
(1210, false, 'CONSERVACAO.CONTRATADA','ACESSO A TELAS DEFINIDAS PARA CONTRATADAS','2024-05-16', NULL, 1, NULL, 3, false),
(1215, false, 'CONSERVACAO.GESTAO',    'ACESSO A TELAS DEFINIDAS PARA GESTAO',     '2024-05-16', NULL, 1, NULL, 3, false),
(1220, false, 'CONSERVACAO.OPERADOR',  'ACESSO A TELAS DEFINIDAS PARA OPERADORES', '2024-05-16', NULL, 1, NULL, 3, false);

-- INSERT DO SISTEMA CONTROLE DE CONSERVA
INSERT INTO security.sistema
  (nome, descricao, slug,  
   modulo_login, id_role_acesso,  
    porta_front, porta_back, 
    url, url_back) 
VALUES 
  ('Controle de Conservação', 
   'SISTEMA PARA CONTROLE DE MEDIÇÕES DE CONSERVA RODOVIARIA', 
   'CONSERVACAO', 
   True, 1200, 3016, 8105, 
   'http://localhost:3016/conservacao/',	
   'https://conservacao-be.sop.ce.gov.br/conservacao');

-- INSERT das regras do sistemas
INSERT INTO security.roles_x_sistema
(id_sistema, id_role, ativo) VALUES 
(26,1200,True), -- CONSERVACAO
(26,1201,True), -- CONSERVACAO.CONSULTA
(26,1205,True), -- CONSERVACAO.FISCAL
(26,1210,True), -- CONSERVACAO.CONTRATADA
(26,1215,True), -- CONSERVACAO.GESTAO
(26,1220,True); -- CONSERVACAO.OPERADOR

-- INSERT dos acessos das CONTRATADA
INSERT INTO  security.users_x_roles (id_user, id_role, id_status, data_inicio) VALUES 
('30090575000103',1200,1,'2024-05-16'),('30090575000103',1210,1,'2024-05-16'), -- RODOCON
('69374585000106',1200,1,'2024-05-16'),('69374585000106',1210,1,'2024-05-16'), -- TEIXEIRA CONSTRUÇÕES
('04299154000187',1200,1,'2024-05-16'),('04299154000187',1210,1,'2024-05-16'), -- CBC - CONSTRUTORA BATISTA CAVALCANTE LTDA
('16726866000114',1200,1,'2024-05-16'),('16726866000114',1210,1,'2024-05-16'), -- TERPA CONSTRUÇÕES S/A
('10498061000184',1200,1,'2024-05-16'),('10498061000184',1210,1,'2024-05-16'), -- CONSTRUTORA SAMARIA LTDA
('07195191000133',1200,1,'2024-05-16'),('07195191000133',1210,1,'2024-05-16'); -- CORAL - CONSTRUTORA RODOVALHO

-- INSERT dos Acessos dos FISCAIS
INSERT INTO  security.users_x_roles (id_user, id_role, id_status, data_inicio) VALUES 
('30000749',1200,1,'2024-05-16'), ('30000749',1205,1,'2024-05-16'), -- JOSÉ MUNIZ DE ALENCAR 
('30000803',1200,1,'2024-05-16'), ('30000803',1205,1,'2024-05-16'), -- FRANCISCO DE ASSIS PARENTE NETO
('30000811',1200,1,'2024-05-16'), ('30000811',1205,1,'2024-05-16'), -- ROBERTO COLARES DE HOLANDA JUNIOR
('30000846',1200,1,'2024-05-16'), ('30000846',1205,1,'2024-05-16'), -- DIEGO DEMÉTRIO TORRES
('30000854',1200,1,'2024-05-16'), ('30000854',1205,1,'2024-05-16'), -- NERTAN FONSECA BARROSO FILHO 
('30000870',1200,1,'2024-05-16'), ('30000870',1205,1,'2024-05-16'), -- JOSUE JOHAB DE GALIZA 
('30000889',1200,1,'2024-05-16'), ('30000889',1205,1,'2024-05-16'), -- FRANCISCO DE ASSIS MOREIRA GOIANA
('30009541',1200,1,'2024-05-16'), ('30009541',1205,1,'2024-05-16'), -- DAVI BRAGA FEITOSA 
('70011115',1200,1,'2024-05-16'), ('70011115',1205,1,'2024-05-16'), -- MARIOEDSON FELIX CORREIA 
('70012715',1200,1,'2024-05-16'), ('70012715',1205,1,'2024-05-16'), -- GERALDO ERIBERTO WERTON CRUZ 
('70019612',1200,1,'2024-05-16'), ('70019612',1205,1,'2024-05-16'), -- FRANCISCO TALES GOMES PEREIRA
('70023911',1200,1,'2024-05-16'), ('70023911',1205,1,'2024-05-16'), -- LUCAS ARAÚJO FERREIRA 
('70024012',1200,1,'2024-05-16'), ('70024012',1205,1,'2024-05-16'), -- ANTONIO ROLIM DE MORAIS JUNIOR
('70024314',1200,1,'2024-05-16'), ('70024314',1205,1,'2024-05-16'), -- MANOEL LUCAS MONT’ALVERINE VIANA GADELHA
('70025310',1200,1,'2024-05-16'), ('70025310',1205,1,'2024-05-16'), -- VIRNA GOMES DE PAULA 
('00976512',1200,1,'2024-05-16'), ('00976512',1205,1,'2024-05-16'), -- PAULO ROBERTO MARQUES
('00979511',1200,1,'2024-05-16'), ('00979511',1205,1,'2024-05-16'), -- PAULO JOSÉ BEZERRA DE CARVALHO
('00981915',1200,1,'2024-05-16'), ('00981915',1205,1,'2024-05-16'), -- JURANDIR VIANA CAVALCANTE
('01013017',1200,1,'2024-05-16'), ('01013017',1205,1,'2024-05-16'), -- ROBERTO XAVIER DE LIMA
('01019910',1200,1,'2024-05-16'), ('01019910',1205,1,'2024-05-16'), -- JOSÉ SÉRGIO FONTENELE DE AZEVEDO
('01401211',1200,1,'2024-05-16'), ('01401211',1205,1,'2024-05-16'), -- JOSÉ ILO DE OLIVEIRA SANTIAGO 
('3000082X',1200,1,'2024-05-16'), ('3000082X',1205,1,'2024-05-16'), -- WEBER TEIXEIRA CAVALCANTE
('3000955X',1200,1,'2024-05-16'), ('3000955X',1205,1,'2024-05-16'); -- JOSÉ WILLIAN MOREIRA LEITE 

-- INSERT dos Acessos GESTOR  
INSERT INTO  security.users_x_roles (id_user, id_role, id_status, data_inicio) VALUES 
('99020002',1200,1,'2024-05-16'), ('99020002',1215,1,'2024-05-16'), -- DAVIEL
('99039343',1200,1,'2024-05-16'), ('99039343',1215,1,'2024-05-16'); -- AlySON

-- INSERT dos Acessos OPERADOR  
INSERT INTO  security.users_x_roles (id_user, id_role, id_status, data_inicio) VALUES 
('99039841',1200,1,'2024-05-16'), ('99039841',1220,1,'2024-05-16'); -- GISELI

-- OBS: outros usuarios serão inseridos no sistema de controle de acesso